{
	"people":[
		{"id": "1", "name":"Richard", "imagePath":"people/person2.png", "playlist":["6","1", "3", "20", "17", "15", "9", "14", "18", "23"]},
		{"id": "2", "name":"Ann", "imagePath":"people/person1.png", "playlist":["5","6", "7", "12", "13", "14", "16", "18", "19", "21"]},
		{"id": "3", "name":"Thomas", "imagePath":"people/person4.png", "playlist":["8","9", "10", "18", "17", "3", "21", "20", "11", "22"]},
		{"id": "4", "name":"Susan", "imagePath":"people/person7.png", "playlist":["9", "11", "3", "5", "6", "15", "22", "19", "13", "23"]},
		{"id": "5", "name":"Sara", "imagePath":"people/person5.png", "playlist":["12","6", "7", "1", "10", "18", "17", "22", "19", "14"]},
		
		{"id": "6", "name":"Jeffrey", "imagePath":"people/person3.png", "playlist":["6","1", "3", "20", "25", "5", "7", "9", "11", "12"]},
		
		{"id": "7", "name":"Bill", "imagePath":"people/person6.png", "playlist":["6","1", "3", "25", "18", "9", "14", "13", "15", "16"]},
		{"id": "8", "name":"Merge", "imagePath":"people/merge.png", "playlist":["8","10", "23", "24", "18", "17", "14", "13", "15", "16"]}
	]
}