{
	"songs":[
		{"id": "1", "title":"I wonder", "artist":"Kanye West", "albumArtPath":"albumArt/graduation_cover.jpg", "mp3Path":"songs/2.mp3"},
		
		{"id": "2", "title":"Lungs", "artist":"CHVRCHES", "albumArtPath":"albumArt/chvrches.jpg", "mp3Path":"songs/lungs.mp3"},
		
		{"id": "3", "title":"Airplanes", "artist":"Local Natives", "albumArtPath":"albumArt/ln.jpg", "mp3Path":"songs/airplanes.mp3"},
		{"id": "4", "title":"Bridges", "artist":"Broods", "albumArtPath":"albumArt/broods.jpg", "mp3Path":"songs/bridges.mp3"},
		{"id": "5", "title":"Chloroform", "artist":"Phoenix", "albumArtPath":"albumArt/bankrupt.jpg", "mp3Path":"songs/chloroform.mp3"},
		{"id": "6", "title":"Eyes Off You", "artist":"Bombay Bicycle Club", "albumArtPath":"albumArt/bombay.jpg", "mp3Path":"songs/eyesoffyou.mp3"},
		{"id": "7", "title":"Goshen", "artist":"Beirut", "albumArtPath":"albumArt/beirut.jpg", "mp3Path":"songs/goshen.mp3"},
		{"id": "8", "title":"Over and Over", "artist":"Smallpools", "albumArtPath":"albumArt/smallpools.jpg", "mp3Path":"songs/over.mp3"},
		{"id": "9", "title":"You and I (Forever)", "artist":"Jessie Ware", "albumArtPath":"albumArt/jware.jpg", "mp3Path":"songs/youandi.mp3"}

	]
}